NaN,NaN,NaN,24.0,NaN,NaN,NaN,24.0,NaN,NaN,NaN,24.0,NaN,NaN,NaN,24.0,NaN,NaN,NaN,24.0,NaN,NaN,NaN,24.0,NaN,NaN,NaN,24.0,NaN,NaN,NaN,24.0,-9.0,NaN,NaN,24.0,NaN,NaN,NaN,24.0,NaN,NaN,NaN,24.0,7.21,NaN,NaN,24.0,46.0,NaN,NaN,24.0,97.0,NaN,NaN,24.0,NaN,NaN,NaN,24.0,NaN,NaN,NaN,24.0,NaN,NaN,NaN,24.0,NaN,NaN,NaN,24.0,NaN,NaN,NaN,24.0,NaN,NaN,NaN,24.0,NaN,NaN,NaN,24.0,128.0,NaN,NaN,24.0,6.2,NaN,NaN,24.0,NaN,NaN,NaN,24.0,NaN,NaN,NaN,24.0,4.4,NaN,NaN,24.0,NaN,NaN,NaN,24.0,NaN,NaN,NaN,24.0,27.0,NaN,NaN,24.0,8.9,NaN,NaN,24.0,NaN,NaN,NaN,24.0,NaN,NaN,NaN,24.0,NaN,NaN,NaN,24.0,NaN,NaN,NaN,24.0,81.0,0.0,0.0,1.0,-7.048611111111111,1.0,0.0,0.0,0.0,0.0,0.0,0.0,0.0,0.0,1.0,0.0,1.0,1.0,1.0,0.0,1.0,0.0,NaN,-1.0,-1.0,-163.0,NaN,NaN,NaN
110.0,NaN,0.0,0.0,99.0,NaN,0.0,0.0,36.61,NaN,0.0,0.0,85.0,NaN,0.0,0.0,64.0,NaN,0.0,0.0,46.0,NaN,0.0,0.0,16.0,NaN,0.0,0.0,NaN,NaN,NaN,24.0,-10.0,NaN,-1.0,0.0,17.0,NaN,0.0,0.0,1.0,NaN,0.0,0.0,7.18,NaN,-0.03000000000000025,0.0,48.0,NaN,2.0,0.0,97.0,NaN,0.0,1.0,99.0,NaN,0.0,0.0,33.0,NaN,0.0,0.0,158.0,NaN,0.0,0.0,10.1,NaN,0.0,0.0,108.0,NaN,0.0,0.0,1.0,NaN,0.0,0.0,NaN,NaN,NaN,24.0,124.0,NaN,-4.0,0.0,6.9,NaN,0.7000000000000002,0.0,1.7,NaN,0.0,0.0,5.8,NaN,0.0,0.0,4.5,NaN,0.09999999999999964,0.0,1.7,NaN,0.0,0.0,NaN,NaN,NaN,24.0,34.3,NaN,7.299999999999997,0.0,10.4,NaN,1.5,0.0,35.9,NaN,0.0,0.0,13.3,NaN,0.0,0.0,151.0,NaN,0.0,0.0,416.0,NaN,0.0,0.0,81.0,0.0,0.0,1.0,-7.048611111111111,2.0,0.0,0.0,1.0,1.0,3.0,0.0,1.0,1.0,1.0,0.0,1.0,1.0,1.0,0.0,1.0,0.0,NaN,-1.0,-1.0,-163.0,NaN,NaN,NaN
89.0,NaN,-21.0,0.0,98.0,NaN,-1.0,0.0,36.61,NaN,0.0,1.0,106.0,NaN,21.0,0.0,79.0,NaN,15.0,0.0,60.0,NaN,14.0,0.0,16.0,NaN,0.0,0.0,NaN,NaN,NaN,24.0,-10.0,NaN,0.0,0.0,17.0,NaN,0.0,1.0,0.7,NaN,-0.30000000000000004,0.0,7.22,NaN,0.040000000000000036,0.0,42.0,NaN,-6.0,0.0,97.0,NaN,0.0,2.0,99.0,NaN,0.0,1.0,33.0,NaN,0.0,1.0,158.0,NaN,0.0,1.0,10.1,NaN,0.0,1.0,108.0,NaN,0.0,1.0,1.0,NaN,0.0,1.0,NaN,NaN,NaN,24.0,117.0,NaN,-7.0,0.0,6.6,NaN,-0.3000000000000007,0.0,1.7,NaN,0.0,1.0,5.8,NaN,0.0,1.0,4.5,NaN,0.04999999999999982,1.0,1.7,NaN,0.0,1.0,NaN,NaN,NaN,24.0,34.3,NaN,3.6499999999999986,1.0,10.4,NaN,0.75,1.0,35.9,NaN,0.0,1.0,13.3,NaN,0.0,1.0,151.0,NaN,0.0,1.0,416.0,NaN,0.0,1.0,81.0,0.0,0.0,1.0,-7.048611111111111,3.0,0.0,0.0,0.0,1.0,3.0,0.0,0.0,0.0,1.0,0.0,1.0,1.0,1.0,0.0,1.0,0.0,NaN,-1.0,-1.0,-163.0,NaN,NaN,NaN
